,Dt_Customer,STORECODE,Income
0,2012-01-08,N1,7500.0
1,2012-01-08,N2,82576.0
2,2012-01-08,N7,40651.5
3,2012-01-09,N1,94871.0
4,2012-01-10,N1,65369.0
5,2012-01-10,N10,51563.0
6,2012-01-10,N2,30538.0
7,2012-01-10,N3,62845.0
8,2012-01-10,N5,67893.0
9,2012-01-10,N7,62845.0
10,2012-01-11,N1,71626.0
11,2012-01-11,N2,24645.0
12,2012-01-11,N5,71626.0
15,2012-01-12,N4,52852.0
16,2012-01-12,N5,52614.0
13,2012-01-12,N1,56184.0
14,2012-01-12,N3,59754.0
17,2012-02-08,N1,40763.5
18,2012-02-08,N3,75484.0
19,2012-02-08,N7,32632.0
20,2012-02-09,N5,63943.0
21,2012-02-09,N7,63943.0
22,2012-02-10,N9,9722.0
24,2012-02-11,N7,102160.0
23,2012-02-11,N1,82685.5
25,2012-02-12,N1,48904.0
26,2012-02-12,N4,48904.0
27,2012-02-12,N5,63972.0
32,2012-03-08,N7,56201.5
28,2012-03-08,N1,60126.0
29,2012-03-08,N10,64176.0
30,2012-03-08,N2,53230.0
31,2012-03-08,N5,56201.5
35,2012-03-09,N7,21645.0
33,2012-03-09,N1,51497.0
34,2012-03-09,N5,
36,2012-03-11,N1,27999.0
37,2012-03-11,N10,43112.5
38,2012-03-11,N3,46904.0
39,2012-03-11,N4,38998.0
40,2012-03-11,N5,34523.333333333336
41,2012-03-11,N7,36221.0
42,2012-03-12,N1,46310.0
43,2012-03-12,N2,46310.0
44,2012-03-12,N5,7500.0
45,2012-03-12,N6,70713.0
46,2012-03-12,N7,7500.0
47,2012-03-12,N8,95529.0
51,2012-04-08,N7,39620.5
50,2012-04-08,N5,56937.0
49,2012-04-08,N3,27683.0
48,2012-04-08,N1,94243.0
52,2012-04-09,N1,75154.0
53,2012-04-09,N10,58138.0
54,2012-04-09,N3,75154.0
55,2012-04-09,N5,55325.5
56,2012-04-09,N7,37922.0
57,2012-04-10,N1,46326.666666666664
58,2012-04-10,N10,37758.0
59,2012-04-10,N3,50611.0
60,2012-04-10,N4,56544.0
61,2012-04-10,N5,38683.0
62,2012-04-10,N8,50611.0
63,2012-04-11,N1,68316.0
64,2012-04-11,N5,68316.0
66,2012-04-12,N7,22636.5
65,2012-04-12,N5,22636.5
67,2012-05-08,N1,36778.0
68,2012-05-09,N7,67430.0
69,2012-05-10,N1,62237.5
70,2012-05-10,N10,70596.0
71,2012-05-10,N4,23331.0
72,2012-05-10,N5,63381.0
73,2012-05-10,N6,70596.0
74,2012-05-10,N7,44377.0
75,2012-05-11,N1,48891.333333333336
76,2012-05-11,N4,45078.0
77,2012-05-11,N5,60945.333333333336
78,2012-05-11,N7,70356.0
79,2012-05-12,N1,56715.0
80,2012-05-12,N10,66565.0
81,2012-05-12,N2,31385.0
82,2012-05-12,N5,45918.0
83,2012-05-12,N7,25271.0
86,2012-06-08,N5,29435.0
84,2012-06-08,N1,27203.0
85,2012-06-08,N4,43638.0
87,2012-06-09,N1,34984.0
88,2012-06-09,N5,22979.0
89,2012-06-09,N6,34984.0
90,2012-06-09,N9,35722.0
91,2012-06-10,N1,54383.666666666664
92,2012-06-10,N7,20895.0
93,2012-06-11,N1,82347.0
94,2012-06-11,N3,82347.0
95,2012-06-11,N5,82347.0
98,2012-06-12,N7,53595.0
96,2012-06-12,N1,31497.0
97,2012-06-12,N5,53595.0
101,2012-07-08,N2,36947.0
102,2012-07-08,N7,68281.0
99,2012-07-08,N1,68281.0
100,2012-07-08,N10,38678.0
103,2012-07-09,N1,34213.0
104,2012-07-09,N4,66322.0
105,2012-07-09,N5,49912.0
106,2012-07-09,N6,49912.0
107,2012-07-09,N7,25965.0
108,2012-07-09,N8,49912.0
109,2012-07-10,N1,60208.0
110,2012-07-10,N10,60208.0
111,2012-07-11,N1,64096.0
112,2012-07-11,N10,82017.0
113,2012-07-11,N4,61358.0
114,2012-07-11,N5,51651.0
115,2012-07-11,N7,46772.0
119,2012-07-12,N8,76618.0
118,2012-07-12,N5,45768.0
116,2012-07-12,N1,41406.0
117,2012-07-12,N3,89058.0
120,2012-07-30,N7,55158.0
121,2012-07-31,N1,52203.0
122,2012-07-31,N5,52203.0
128,2012-08-08,N9,39660.0
126,2012-08-08,N5,43178.333333333336
127,2012-08-08,N8,33629.0
124,2012-08-08,N2,78789.0
123,2012-08-08,N1,51336.666666666664
125,2012-08-08,N4,47953.0
129,2012-08-09,N1,52078.0
130,2012-08-09,N10,60466.0
131,2012-08-09,N2,25545.0
132,2012-08-09,N3,51390.0
133,2012-08-09,N6,40780.0
134,2012-08-09,N7,47111.0
138,2012-08-11,N6,72550.0
137,2012-08-11,N5,18227.0
136,2012-08-11,N2,52973.0
135,2012-08-11,N1,52973.0
139,2012-08-12,N1,6835.0
140,2012-08-12,N6,6835.0
141,2012-08-13,N1,72335.0
142,2012-08-13,N7,36864.0
143,2012-08-14,N2,16005.0
144,2012-08-14,N7,66503.0
145,2012-08-15,N1,49269.0
146,2012-08-15,N5,49269.0
147,2012-08-16,N1,47979.0
148,2012-08-16,N4,33051.0
149,2012-08-16,N5,52117.0
153,2012-08-17,N5,28051.333333333332
152,2012-08-17,N4,42014.0
154,2012-08-17,N7,42394.5
150,2012-08-17,N1,56210.0
151,2012-08-17,N3,42014.0
155,2012-08-18,N1,46098.0
156,2012-08-18,N2,46098.0
157,2012-08-18,N4,88097.0
158,2012-08-18,N5,49118.0
159,2012-08-19,N5,36337.5
160,2012-08-19,N9,40442.0
164,2012-08-20,N9,49667.0
163,2012-08-20,N7,82014.0
161,2012-08-20,N3,38988.0
162,2012-08-20,N5,38988.0
165,2012-08-21,N1,44802.0
166,2012-08-21,N10,54803.0
167,2012-08-21,N5,54803.0
168,2012-08-21,N9,44802.0
173,2012-08-22,N7,77870.0
172,2012-08-22,N5,59649.333333333336
169,2012-08-22,N1,43059.0
170,2012-08-22,N2,35322.0
171,2012-08-22,N4,8940.0
174,2012-08-23,N7,55951.0
175,2012-08-24,N1,57107.0
176,2012-08-24,N5,64355.0
177,2012-08-24,N7,60731.0
178,2012-08-25,N1,69056.0
179,2012-08-25,N5,60544.0
180,2012-08-25,N6,60544.0
181,2012-08-26,N1,38808.0
182,2012-08-26,N5,27803.0
183,2012-08-26,N7,74214.0
187,2012-08-27,N5,24336.0
186,2012-08-27,N4,75251.0
184,2012-08-27,N1,29103.0
185,2012-08-27,N2,29103.0
188,2012-08-28,N1,46783.0
189,2012-08-28,N4,60839.0
190,2012-08-28,N7,32727.0
191,2012-08-29,N1,35680.5
192,2012-08-29,N10,77453.5
193,2012-08-29,N3,68142.0
194,2012-08-29,N5,28071.0
195,2012-08-29,N7,42557.0
196,2012-08-29,N9,29760.0
197,2012-08-30,N1,53783.0
198,2012-08-30,N4,43586.0
199,2012-08-30,N5,34208.75
204,2012-08-31,N7,38265.5
203,2012-08-31,N5,24401.0
205,2012-08-31,N9,37760.0
201,2012-08-31,N2,41637.333333333336
200,2012-08-31,N1,48360.857142857145
202,2012-08-31,N4,64305.0
206,2012-09-08,N4,78687.0
207,2012-09-08,N7,62882.0
208,2012-09-09,N3,24882.0
209,2012-09-09,N7,42033.0
211,2012-09-10,N10,61010.0
210,2012-09-10,N1,61010.0
212,2012-09-11,N1,44949.0
213,2012-09-11,N4,48240.0
214,2012-09-11,N5,30780.333333333332
215,2012-09-11,N6,69109.0
216,2012-09-11,N9,28086.5
217,2012-09-12,N1,61467.0
218,2012-09-12,N7,51537.0
223,2012-09-14,N7,46430.0
222,2012-09-14,N5,54450.0
219,2012-09-14,N1,64059.666666666664
220,2012-09-14,N2,54450.0
221,2012-09-14,N4,34529.0
224,2012-09-15,N1,74322.66666666667
225,2012-09-15,N9,43824.0
226,2012-09-17,N1,55445.666666666664
227,2012-09-17,N5,14796.0
228,2012-09-17,N6,82332.0
229,2012-09-18,N1,39757.5
230,2012-09-18,N2,25509.0
231,2012-09-18,N4,45642.5
232,2012-09-18,N5,40522.0
233,2012-09-18,N6,25509.0
234,2012-09-18,N7,27038.0
235,2012-09-19,N1,42033.0
236,2012-09-19,N5,42033.0
238,2012-09-20,N5,58656.0
237,2012-09-20,N3,37633.0
239,2012-09-21,N1,49094.0
240,2012-09-21,N4,49094.0
241,2012-09-21,N5,71409.0
242,2012-09-21,N7,71247.0
243,2012-09-22,N1,83145.0
244,2012-09-22,N2,26490.0
245,2012-09-22,N5,45648.25
246,2012-09-22,N7,41437.0
247,2012-09-22,N8,69267.0
248,2012-09-23,N3,79800.0
249,2012-09-23,N5,81702.0
250,2012-09-23,N9,87305.0
251,2012-09-24,N1,66165.0
252,2012-09-24,N5,53378.0
255,2012-09-25,N9,30261.0
254,2012-09-25,N5,61715.5
253,2012-09-25,N1,66664.0
256,2012-09-26,N1,58554.0
257,2012-09-26,N10,90226.0
258,2012-09-26,N4,58554.0
259,2012-09-26,N5,90226.0
260,2012-09-27,N10,55517.0
261,2012-09-27,N5,75276.0
263,2012-09-28,N5,75224.25
262,2012-09-28,N1,63120.0
264,2012-09-29,N4,61618.0
265,2012-09-29,N5,71773.5
266,2012-09-29,N7,81929.0
267,2012-09-30,N1,70503.0
268,2012-09-30,N3,70503.0
270,2012-10-08,N7,68655.0
269,2012-10-08,N1,68655.0
271,2012-10-08,N8,68655.0
275,2012-10-09,N7,78028.0
274,2012-10-09,N5,64497.0
273,2012-10-09,N2,48789.0
272,2012-10-09,N1,58859.333333333336
276,2012-10-10,N1,28935.5
277,2012-10-10,N10,17323.0
278,2012-10-10,N2,15287.0
279,2012-10-10,N4,83151.0
280,2012-10-10,N5,38568.25
281,2012-10-11,N1,39392.666666666664
282,2012-10-11,N5,58831.75
283,2012-10-11,N7,60239.0
286,2012-10-12,N9,41580.0
284,2012-10-12,N1,51039.0
285,2012-10-12,N7,51039.0
287,2012-10-13,N1,28973.0
288,2012-10-13,N4,35789.0
289,2012-10-13,N5,33181.75
290,2012-10-13,N7,26576.0
295,2012-10-14,N7,80573.0
296,2012-10-14,N9,80573.0
294,2012-10-14,N5,75702.0
291,2012-10-14,N1,78137.5
292,2012-10-14,N3,40101.0
293,2012-10-14,N4,64590.0
297,2012-10-15,N1,53135.0
298,2012-10-15,N4,38097.0
299,2012-10-15,N5,54370.0
300,2012-10-15,N7,35893.0
301,2012-10-15,N9,52869.0
306,2012-10-16,N9,63342.0
302,2012-10-16,N1,35797.0
303,2012-10-16,N4,71969.0
304,2012-10-16,N5,53883.0
305,2012-10-16,N8,63342.0
310,2012-10-17,N6,50437.0
309,2012-10-17,N5,30545.0
307,2012-10-17,N1,50437.0
308,2012-10-17,N4,30545.0
311,2012-10-18,N1,46184.6
312,2012-10-18,N4,59809.0
313,2012-10-18,N5,25818.0
314,2012-10-18,N8,48432.0
315,2012-10-19,N5,92859.0
316,2012-10-19,N6,92859.0
317,2012-10-20,N5,75421.5
318,2012-10-20,N7,59594.0
319,2012-10-21,N1,55250.0
320,2012-10-21,N5,55250.0
324,2012-10-22,N7,45989.0
321,2012-10-22,N1,34253.5
322,2012-10-22,N10,22518.0
323,2012-10-22,N5,46998.0
326,2012-10-23,N5,60161.0
325,2012-10-23,N1,62010.0
327,2012-10-24,N3,78427.0
328,2012-10-24,N5,78427.0
329,2012-10-25,N5,51369.0
330,2012-10-25,N7,51369.0
331,2012-10-26,N1,81795.0
332,2012-10-26,N2,23910.0
333,2012-10-26,N5,30801.0
334,2012-10-27,N1,56386.0
335,2012-10-27,N4,72099.0
336,2012-10-27,N5,64242.5
339,2012-10-28,N7,48178.0
337,2012-10-28,N1,26207.0
338,2012-10-28,N3,47175.0
340,2012-10-28,N9,23957.0
345,2012-10-29,N7,64052.0
346,2012-10-29,N9,65176.0
344,2012-10-29,N5,46610.0
341,2012-10-29,N1,40056.28571428572
342,2012-10-29,N3,20425.0
343,2012-10-29,N4,31505.5
347,2012-10-30,N1,81300.0
348,2012-10-31,N10,61810.5
349,2012-10-31,N2,80910.0
350,2012-10-31,N4,56721.0
351,2012-10-31,N5,43241.666666666664
352,2012-11-08,N1,70681.5
353,2012-11-08,N5,70681.5
354,2012-11-08,N7,61014.0
355,2012-11-09,N1,74985.0
356,2012-11-09,N2,66991.0
357,2012-11-09,N3,74985.0
358,2012-11-09,N4,37150.0
360,2012-11-10,N3,60896.0
359,2012-11-10,N1,60896.0
361,2012-11-11,N5,45526.0
362,2012-11-11,N7,63810.0
363,2012-11-12,N1,42561.5
364,2012-11-12,N3,28087.0
365,2012-11-12,N4,57036.0
366,2012-11-12,N9,18978.0
367,2012-11-13,N1,45415.5
368,2012-11-13,N10,55635.0
369,2012-11-13,N3,64849.0
370,2012-11-13,N4,39603.0
371,2012-11-13,N5,44812.75
372,2012-11-13,N7,35196.0
373,2012-11-14,N10,69508.0
375,2012-11-16,N5,65148.0
376,2012-11-16,N7,46757.0
374,2012-11-16,N4,65148.0
377,2012-11-17,N1,70473.0
378,2012-11-17,N10,67369.0
379,2012-11-17,N2,36715.0
380,2012-11-17,N5,58217.0
381,2012-11-17,N7,40916.5
382,2012-11-18,N9,46734.0
383,2012-11-19,N1,82384.0
384,2012-11-19,N3,
385,2012-11-19,N7,54356.0
386,2012-11-20,N1,28389.0
387,2012-11-20,N7,58597.0
388,2012-11-21,N2,43263.0
389,2012-11-21,N3,23748.0
392,2012-11-22,N7,47916.0
391,2012-11-22,N10,69016.0
390,2012-11-22,N1,37042.0
393,2012-11-23,N1,53435.0
394,2012-11-23,N10,60034.5
395,2012-11-23,N3,55212.0
396,2012-11-23,N4,53435.0
397,2012-11-23,N5,60034.5
398,2012-11-23,N7,57091.0
399,2012-11-24,N3,22507.0
400,2012-11-24,N5,82800.0
401,2012-11-24,N7,82800.0
402,2012-11-25,N4,73538.0
403,2012-11-25,N5,55424.0
404,2012-11-25,N7,55424.0
405,2012-11-26,N1,46231.0
406,2012-11-26,N7,63684.0
407,2012-11-27,N10,72228.0
411,2012-11-28,N9,42710.0
410,2012-11-28,N7,20193.0
409,2012-11-28,N4,55759.0
408,2012-11-28,N1,42710.0
412,2012-11-29,N1,65819.0
413,2012-11-29,N4,47000.333333333336
414,2012-11-29,N5,70943.5
415,2012-11-30,N4,59925.0
416,2012-12-08,N1,63394.5
417,2012-12-08,N10,67445.0
418,2012-12-08,N5,67445.0
419,2012-12-08,N7,67445.0
420,2012-12-08,N8,64950.0
421,2012-12-08,N9,61839.0
426,2012-12-09,N5,57440.333333333336
425,2012-12-09,N4,76783.5
427,2012-12-09,N7,53596.5
423,2012-12-09,N10,44225.5
422,2012-12-09,N1,61381.333333333336
424,2012-12-09,N3,16860.0
428,2012-12-10,N4,33471.0
429,2012-12-10,N5,48372.75
430,2012-12-10,N7,78221.0
433,2012-12-11,N4,15716.0
434,2012-12-11,N6,30675.0
431,2012-12-11,N1,15716.0
432,2012-12-11,N3,85606.0
435,2012-12-12,N1,55260.0
436,2012-12-12,N10,27421.0
437,2012-12-12,N5,56982.0
438,2012-12-12,N7,92163.0
439,2012-12-14,N5,46344.0
440,2012-12-15,N2,87000.0
441,2012-12-15,N5,72967.0
442,2012-12-15,N9,72967.0
446,2012-12-16,N7,64400.5
445,2012-12-16,N5,83837.0
443,2012-12-16,N3,78041.0
444,2012-12-16,N4,61250.0
447,2012-12-17,N1,20194.0
448,2012-12-17,N4,20194.0
449,2012-12-18,N1,32363.333333333332
450,2012-12-18,N3,39552.0
451,2012-12-19,N4,79244.0
452,2012-12-19,N5,51203.0
453,2012-12-19,N7,56681.5
454,2012-12-19,N8,40246.0
455,2012-12-20,N1,36807.0
456,2012-12-20,N5,36807.0
457,2012-12-21,N7,44953.0
461,2012-12-22,N7,37453.0
460,2012-12-22,N3,81380.0
459,2012-12-22,N2,25443.0
458,2012-12-22,N1,63361.0
462,2012-12-23,N5,61784.0
463,2012-12-23,N7,64961.0
464,2012-12-24,N1,31922.0
465,2012-12-24,N5,30316.5
466,2012-12-24,N7,40192.0
467,2012-12-25,N1,30372.0
468,2012-12-25,N5,56559.0
469,2012-12-25,N7,30372.0
470,2012-12-25,N8,30372.0
471,2012-12-26,N4,34230.0
472,2012-12-27,N1,7500.0
475,2012-12-28,N5,51479.0
476,2012-12-28,N9,18690.0
473,2012-12-28,N1,35084.5
474,2012-12-28,N10,18690.0
479,2012-12-29,N7,24279.0
478,2012-12-29,N6,21888.0
477,2012-12-29,N1,21888.0
480,2012-12-30,N1,41405.0
481,2012-12-30,N5,62859.0
482,2012-12-30,N7,30279.0
483,2012-12-30,N9,41021.0
484,2012-12-31,N3,18222.0
489,2013-01-01,N9,34600.0
488,2013-01-01,N6,34600.0
487,2013-01-01,N5,24630.5
486,2013-01-01,N4,14661.0
485,2013-01-01,N3,40800.0
490,2013-01-02,N1,48948.0
491,2013-01-02,N10,48948.0
492,2013-01-02,N5,36997.0
493,2013-01-02,N7,48948.0
497,2013-01-03,N9,81698.0
496,2013-01-03,N6,36790.0
495,2013-01-03,N5,36790.0
494,2013-01-03,N1,54880.0
498,2013-01-04,N2,
499,2013-01-04,N5,60474.0
500,2013-01-04,N7,42207.0
501,2013-01-04,N8,60474.0
502,2013-01-04,N9,51195.0
503,2013-01-05,N2,92491.0
504,2013-01-05,N3,74165.0
505,2013-01-05,N7,87171.0
506,2013-01-06,N1,64005.333333333336
507,2013-01-06,N9,70638.0
509,2013-01-07,N8,34421.0
508,2013-01-07,N1,32472.0
514,2013-01-08,N7,64413.0
513,2013-01-08,N5,65370.0
510,2013-01-08,N1,38702.0
511,2013-01-08,N10,32173.0
512,2013-01-08,N4,47320.0
515,2013-01-09,N1,46891.0
516,2013-01-09,N2,25804.0
517,2013-01-09,N4,46891.0
518,2013-01-09,N5,46891.0
519,2013-01-10,N10,77598.0
520,2013-01-10,N5,60824.666666666664
521,2013-01-11,N1,43018.0
522,2013-01-11,N3,43018.0
527,2013-01-12,N9,32952.0
525,2013-01-12,N5,51890.5
526,2013-01-12,N8,70829.0
523,2013-01-12,N10,45057.0
524,2013-01-12,N3,78497.0
528,2013-01-13,N2,55436.5
529,2013-01-13,N3,58278.5
530,2013-01-13,N4,42386.0
531,2013-01-13,N5,44084.0
532,2013-01-14,N7,28320.0
533,2013-01-15,N1,67381.0
534,2013-01-15,N10,67381.0
535,2013-01-15,N3,62847.0
539,2013-01-16,N8,22634.0
536,2013-01-16,N1,36332.75
537,2013-01-16,N3,51482.5
538,2013-01-16,N7,59041.5
540,2013-01-16,N9,71855.0
544,2013-01-17,N7,17117.0
543,2013-01-17,N5,62074.333333333336
545,2013-01-17,N8,86718.0
541,2013-01-17,N1,57870.666666666664
542,2013-01-17,N4,40706.0
548,2013-01-19,N5,41167.5
546,2013-01-19,N1,48252.0
547,2013-01-19,N3,34377.0
549,2013-01-20,N1,29403.5
550,2013-01-20,N5,60646.5
551,2013-01-20,N7,55608.0
552,2013-01-21,N1,42873.0
553,2013-01-21,N4,105471.0
554,2013-01-21,N5,65833.0
555,2013-01-21,N6,42873.0
558,2013-01-22,N4,64191.0
557,2013-01-22,N2,31056.0
556,2013-01-22,N1,31056.0
559,2013-01-23,N1,60482.0
560,2013-01-23,N3,27215.0
561,2013-01-23,N4,67309.0
562,2013-01-23,N5,54414.0
563,2013-01-23,N7,64743.0
564,2013-01-24,N5,39858.0
568,2013-01-25,N8,58113.0
567,2013-01-25,N5,52278.0
565,2013-01-25,N1,31086.666666666668
566,2013-01-25,N4,52278.0
569,2013-01-26,N1,70116.0
570,2013-01-26,N10,77297.0
571,2013-01-26,N5,58844.333333333336
572,2013-01-27,N3,31158.0
573,2013-01-27,N7,34445.0
574,2013-01-29,N1,15038.0
575,2013-01-29,N5,29544.5
576,2013-01-29,N6,75278.0
577,2013-01-29,N9,44051.0
578,2013-01-31,N1,61996.0
579,2013-01-31,N7,49575.5
585,2013-02-01,N5,60200.0
587,2013-02-01,N8,56046.0
586,2013-02-01,N7,30576.5
584,2013-02-01,N4,56775.0
581,2013-02-01,N10,73807.0
582,2013-02-01,N2,35790.0
580,2013-02-01,N1,44986.666666666664
583,2013-02-01,N3,62226.0
588,2013-02-02,N2,49678.0
589,2013-02-02,N5,58329.2
590,2013-02-03,N1,73926.0
591,2013-02-03,N4,73926.0
592,2013-02-04,N1,70287.0
593,2013-02-04,N10,69867.0
594,2013-02-04,N5,69867.0
595,2013-02-04,N7,70287.0
601,2013-02-05,N8,34380.0
600,2013-02-05,N7,58535.0
599,2013-02-05,N6,50729.0
597,2013-02-05,N10,49767.0
596,2013-02-05,N1,57959.0
598,2013-02-05,N5,54439.0
602,2013-02-06,N1,666666.0
603,2013-02-06,N9,58275.0
604,2013-02-07,N10,82072.0
605,2013-02-07,N5,30369.0
606,2013-02-07,N7,14849.0
607,2013-02-08,N1,38508.0
608,2013-02-08,N3,61286.0
609,2013-02-08,N5,48938.6
610,2013-02-09,N1,23718.0
611,2013-02-09,N4,27054.0
612,2013-02-09,N5,30390.0
617,2013-02-10,N9,36959.0
616,2013-02-10,N7,7500.0
615,2013-02-10,N5,58923.666666666664
614,2013-02-10,N10,45778.0
613,2013-02-10,N1,45696.8
618,2013-02-11,N1,77298.0
619,2013-02-11,N5,66008.25
620,2013-02-11,N7,13084.0
621,2013-02-12,N3,65665.0
622,2013-02-12,N4,45684.0
623,2013-02-12,N8,82460.0
624,2013-02-13,N1,41945.75
625,2013-02-13,N3,72190.0
626,2013-02-13,N5,41703.5
627,2013-02-13,N7,32205.5
634,2013-02-14,N9,55987.0
633,2013-02-14,N8,47804.0
631,2013-02-14,N6,35441.0
632,2013-02-14,N7,25959.0
629,2013-02-14,N3,55996.5
628,2013-02-14,N1,55425.5
630,2013-02-14,N4,39922.0
635,2013-02-15,N1,78394.0
636,2013-02-15,N3,44421.0
637,2013-02-15,N4,78394.0
638,2013-02-15,N5,46051.5
640,2013-02-16,N2,71322.0
639,2013-02-16,N10,18929.0
641,2013-02-16,N5,37862.5
642,2013-02-16,N7,50404.75
643,2013-02-17,N1,71107.0
644,2013-02-17,N2,46053.0
645,2013-02-17,N5,50373.0
646,2013-02-17,N7,54693.0
651,2013-02-18,N9,70044.0
650,2013-02-18,N7,61823.0
649,2013-02-18,N5,61231.666666666664
648,2013-02-18,N3,71488.0
647,2013-02-18,N1,51148.0
652,2013-02-19,N1,62447.0
653,2013-02-19,N5,36550.0
654,2013-02-19,N6,43770.5
655,2013-02-20,N1,42107.0
656,2013-02-20,N2,20180.0
657,2013-02-20,N3,50965.0
658,2013-02-20,N4,20180.0
659,2013-02-20,N7,68657.0
660,2013-02-20,N9,33249.0
661,2013-02-21,N1,30081.0
662,2013-02-21,N2,40851.0
663,2013-02-21,N5,30081.0
668,2013-02-22,N9,77766.0
667,2013-02-22,N7,77766.0
666,2013-02-22,N5,84415.5
665,2013-02-22,N4,76005.0
664,2013-02-22,N1,76885.5
669,2013-02-23,N1,45759.0
670,2013-02-23,N4,45759.0
671,2013-02-23,N5,45759.0
672,2013-02-25,N1,76773.0
673,2013-02-25,N2,44267.0
674,2013-02-25,N9,83194.5
675,2013-02-26,N1,66303.0
676,2013-02-26,N4,42081.0
677,2013-02-27,N1,72643.0
678,2013-02-27,N3,72643.0
679,2013-02-27,N4,24570.0
680,2013-02-27,N5,24570.0
681,2013-02-27,N7,86580.0
684,2013-02-28,N7,80952.0
682,2013-02-28,N1,47570.0
683,2013-02-28,N5,14188.0
685,2013-03-01,N1,32300.0
686,2013-03-02,N5,43776.0
687,2013-03-02,N7,36443.0
688,2013-03-03,N1,74587.0
689,2013-03-03,N10,
690,2013-03-03,N4,83003.0
691,2013-03-03,N5,57104.5
692,2013-03-03,N9,80360.0
693,2013-03-04,N1,60603.0
694,2013-03-04,N10,66334.0
695,2013-03-04,N4,50200.0
696,2013-03-04,N5,65275.0
699,2013-03-05,N7,15056.0
698,2013-03-05,N5,50376.0
697,2013-03-05,N4,85696.0
700,2013-03-06,N1,106661.66666666667
701,2013-03-06,N2,72635.0
702,2013-03-06,N5,82799.0
703,2013-03-06,N7,118628.0
704,2013-03-06,N9,72635.0
705,2013-03-07,N1,72063.0
706,2013-03-07,N3,63202.5
707,2013-03-07,N4,23559.0
708,2013-03-07,N5,70053.0
709,2013-03-07,N7,88347.0
710,2013-03-08,N1,15315.0
711,2013-03-08,N4,15315.0
712,2013-03-08,N5,15315.0
717,2013-03-10,N7,45578.333333333336
715,2013-03-10,N3,35523.0
716,2013-03-10,N5,49858.666666666664
713,2013-03-10,N1,22682.0
714,2013-03-10,N10,59062.0
718,2013-03-11,N2,45938.0
719,2013-03-11,N4,33590.0
720,2013-03-11,N5,43692.0
721,2013-03-11,N7,49154.0
722,2013-03-12,N1,47850.0
723,2013-03-12,N7,47850.0
724,2013-03-14,N1,38179.0
725,2013-03-14,N2,38179.0
726,2013-03-14,N9,33986.0
727,2013-03-15,N1,44911.0
728,2013-03-15,N7,40662.0
731,2013-03-16,N7,31615.0
730,2013-03-16,N5,31615.0
729,2013-03-16,N1,11012.0
735,2013-03-17,N5,16014.0
734,2013-03-17,N4,53017.0
732,2013-03-17,N1,62981.0
733,2013-03-17,N3,69627.0
736,2013-03-18,N1,54162.0
737,2013-03-18,N10,30362.5
738,2013-03-18,N5,40689.0
739,2013-03-19,N1,61279.0
740,2013-03-19,N2,41883.0
741,2013-03-19,N5,29589.5
742,2013-03-19,N7,57183.0
746,2013-03-20,N5,37070.0
745,2013-03-20,N4,37070.0
747,2013-03-20,N7,37070.0
743,2013-03-20,N1,24367.0
744,2013-03-20,N3,24367.0
749,2013-03-21,N5,28427.0
748,2013-03-21,N4,28427.0
753,2013-03-22,N7,8820.0
752,2013-03-22,N5,47743.0
750,2013-03-22,N1,38743.0
751,2013-03-22,N4,59666.0
754,2013-03-23,N1,47070.0
755,2013-03-23,N5,64108.0
756,2013-03-23,N7,64108.0
757,2013-03-24,N2,63777.0
758,2013-03-24,N4,19740.0
759,2013-03-24,N5,58917.0
760,2013-03-25,N4,27573.0
761,2013-03-25,N5,27573.0
762,2013-03-26,N1,42733.5
763,2013-03-26,N10,67131.0
764,2013-03-26,N5,55293.5
765,2013-03-26,N7,46984.0
766,2013-03-26,N8,42011.0
770,2013-03-27,N8,91172.0
769,2013-03-27,N5,64358.666666666664
767,2013-03-27,N10,61456.0
768,2013-03-27,N2,56337.0
771,2013-03-28,N1,76995.0
772,2013-03-28,N10,60152.0
773,2013-03-28,N5,59815.0
774,2013-03-28,N6,39791.0
775,2013-03-29,N1,52587.25
776,2013-03-29,N10,37742.5
777,2013-03-29,N7,54337.5
778,2013-03-30,N1,75113.33333333333
779,2013-03-30,N3,82333.0
780,2013-03-30,N5,64752.333333333336
784,2013-03-31,N9,46097.0
783,2013-03-31,N4,64400.5
781,2013-03-31,N1,44234.25
782,2013-03-31,N10,67605.0
785,2013-04-01,N1,58350.0
786,2013-04-01,N9,84460.0
787,2013-04-02,N4,53491.5
788,2013-04-02,N5,54233.0
789,2013-04-03,N1,86914.0
790,2013-04-03,N4,94384.0
791,2013-04-03,N5,31907.0
792,2013-04-03,N7,48205.5
795,2013-04-05,N7,29625.0
793,2013-04-05,N1,28164.0
794,2013-04-05,N4,70951.0
799,2013-04-06,N7,50642.5
798,2013-04-06,N5,32994.333333333336
797,2013-04-06,N10,88217.0
796,2013-04-06,N1,53518.25
800,2013-04-07,N1,32414.0
801,2013-04-07,N3,28691.0
802,2013-04-07,N4,32414.0
803,2013-04-07,N5,35041.4
804,2013-04-07,N7,75777.0
805,2013-04-07,N9,75777.0
806,2013-04-08,N1,39763.0
807,2013-04-08,N9,39763.0
809,2013-04-09,N8,19510.0
808,2013-04-09,N3,26326.0
811,2013-04-10,N5,44842.857142857145
812,2013-04-10,N7,84906.0
810,2013-04-10,N1,55294.5
814,2013-04-11,N4,49681.0
815,2013-04-11,N5,49681.0
813,2013-04-11,N1,37874.0
819,2013-04-12,N9,57100.0
818,2013-04-12,N5,49079.0
816,2013-04-12,N1,45068.5
817,2013-04-12,N4,48686.0
824,2013-04-13,N7,33622.0
823,2013-04-13,N6,34596.0
820,2013-04-13,N1,53891.25
821,2013-04-13,N4,19049.0
822,2013-04-13,N5,53748.333333333336
825,2013-04-14,N1,81169.0
826,2013-04-14,N7,81169.0
827,2013-04-15,N1,46845.5
828,2013-04-15,N2,89891.0
829,2013-04-15,N5,61029.666666666664
830,2013-04-15,N9,27696.5
831,2013-04-16,N1,24072.0
832,2013-04-16,N5,78353.0
833,2013-04-16,N7,78353.0
834,2013-04-17,N1,43013.0
835,2013-04-17,N7,72354.0
840,2013-04-18,N7,36907.666666666664
838,2013-04-18,N3,83917.0
839,2013-04-18,N5,44152.0
836,2013-04-18,N1,61980.333333333336
837,2013-04-18,N2,22419.0
841,2013-04-19,N7,86111.0
842,2013-04-20,N1,46723.0
843,2013-04-20,N9,53526.0
844,2013-04-21,N1,69096.33333333333
845,2013-04-21,N10,79607.0
846,2013-04-21,N2,78642.0
847,2013-04-21,N5,63841.0
853,2013-04-22,N9,43641.0
848,2013-04-22,N1,30992.0
849,2013-04-22,N2,30992.0
850,2013-04-22,N3,41014.0
851,2013-04-22,N4,38136.0
852,2013-04-22,N5,81843.0
856,2013-04-23,N9,75261.0
854,2013-04-23,N3,96843.0
855,2013-04-23,N4,27590.0
857,2013-04-24,N1,65316.0
858,2013-04-24,N4,54018.0
859,2013-04-25,N1,57374.0
860,2013-04-25,N7,49494.0
861,2013-04-27,N1,43727.75
862,2013-04-27,N10,34704.0
863,2013-04-27,N5,42880.0
864,2013-04-27,N8,42670.0
865,2013-04-28,N5,59385.0
866,2013-04-28,N7,75032.0
867,2013-04-28,N9,59385.0
869,2013-04-29,N9,157146.0
868,2013-04-29,N1,97690.33333333333
871,2013-04-30,N5,20981.0
870,2013-04-30,N2,20981.0
872,2013-05-01,N1,81975.0
873,2013-05-01,N4,43140.0
874,2013-05-01,N5,45097.0
875,2013-05-01,N7,59462.0
876,2013-05-03,N5,49505.0
877,2013-05-04,N1,102692.0
878,2013-05-04,N5,45258.555555555555
879,2013-05-04,N7,49336.75
880,2013-05-05,N1,76412.0
881,2013-05-05,N4,81061.0
882,2013-05-05,N7,56575.0
887,2013-05-07,N4,47691.0
886,2013-05-07,N3,27889.0
889,2013-05-07,N7,44529.0
884,2013-05-07,N10,48985.0
885,2013-05-07,N2,62187.0
888,2013-05-07,N5,48985.0
883,2013-05-07,N1,51469.0
890,2013-05-08,N1,16185.0
891,2013-05-08,N5,34026.0
892,2013-05-08,N7,35388.0
893,2013-05-08,N9,34026.0
894,2013-05-09,N1,86610.0
895,2013-05-09,N4,27617.333333333332
896,2013-05-09,N5,15759.0
897,2013-05-10,N4,55434.0
898,2013-05-10,N5,29931.0
899,2013-05-10,N7,4428.0
903,2013-05-11,N7,63285.0
902,2013-05-11,N5,65757.5
904,2013-05-11,N9,48799.0
900,2013-05-11,N1,63285.0
901,2013-05-11,N3,
905,2013-05-12,N1,60905.0
906,2013-05-12,N10,73450.0
907,2013-05-12,N5,60905.0
908,2013-05-13,N10,48721.0
909,2013-05-13,N5,48721.0
910,2013-05-14,N8,58398.0
915,2013-05-15,N8,53083.0
914,2013-05-15,N7,34916.0
911,2013-05-15,N1,10245.0
912,2013-05-15,N10,10245.0
913,2013-05-15,N5,36753.0
916,2013-05-16,N10,45068.0
917,2013-05-16,N5,45068.0
922,2013-05-17,N8,66973.0
923,2013-05-17,N9,52034.0
921,2013-05-17,N7,54386.0
920,2013-05-17,N5,73251.5
919,2013-05-17,N10,36930.0
918,2013-05-17,N1,72688.0
924,2013-05-18,N1,57136.0
925,2013-05-18,N2,
926,2013-05-18,N5,74637.0
927,2013-05-18,N7,57136.0
928,2013-05-19,N2,62772.0
929,2013-05-19,N7,22280.0
935,2013-05-20,N6,67172.0
934,2013-05-20,N5,60230.0
933,2013-05-20,N4,26487.0
930,2013-05-20,N1,57220.0
931,2013-05-20,N2,71964.0
932,2013-05-20,N3,80134.0
936,2013-05-21,N10,48699.0
937,2013-05-21,N5,25721.0
942,2013-05-22,N9,80180.5
941,2013-05-22,N6,87771.0
938,2013-05-22,N1,63502.0
939,2013-05-22,N4,67536.0
940,2013-05-22,N5,50695.75
943,2013-05-23,N1,71537.0
944,2013-05-23,N2,80739.0
945,2013-05-23,N4,62710.0
946,2013-05-24,N1,41728.0
947,2013-05-24,N5,41728.0
948,2013-05-25,N1,39665.0
949,2013-05-25,N5,39665.0
950,2013-05-26,N1,75297.33333333333
951,2013-05-26,N10,51411.0
952,2013-05-26,N5,61364.25
953,2013-05-27,N5,53359.0
957,2013-05-28,N7,68095.0
956,2013-05-28,N5,45443.0
954,2013-05-28,N1,36634.0
955,2013-05-28,N3,54252.0
958,2013-05-29,N1,77142.0
959,2013-05-29,N10,58735.5
960,2013-05-29,N4,47703.0
961,2013-05-29,N5,58802.0
962,2013-05-30,N4,38872.0
963,2013-05-30,N7,53034.0
964,2013-05-31,N10,
965,2013-05-31,N3,38360.0
966,2013-05-31,N4,36038.0
967,2013-06-01,N10,67046.0
968,2013-06-01,N5,2447.0
969,2013-06-01,N7,2447.0
972,2013-06-02,N5,81320.0
973,2013-06-02,N7,45245.5
970,2013-06-02,N1,70859.33333333333
971,2013-06-02,N10,70792.0
974,2013-06-03,N1,34941.0
975,2013-06-03,N2,34941.0
976,2013-06-03,N5,41452.0
977,2013-06-04,N1,48192.0
978,2013-06-04,N5,72504.0
979,2013-06-04,N7,48192.0
982,2013-06-05,N7,58114.5
980,2013-06-05,N10,35791.0
981,2013-06-05,N5,41584.666666666664
983,2013-06-06,N1,30351.0
984,2013-06-06,N10,30351.0
985,2013-06-06,N3,30351.0
986,2013-06-06,N4,46692.0
992,2013-06-07,N7,63516.0
991,2013-06-07,N5,57513.0
990,2013-06-07,N3,31454.0
989,2013-06-07,N2,61787.0
988,2013-06-07,N10,57513.0
987,2013-06-07,N1,63516.0
993,2013-06-08,N1,28767.5
994,2013-06-08,N4,18100.0
995,2013-06-08,N7,96876.0
996,2013-06-08,N9,39435.0
997,2013-06-09,N1,51341.5
998,2013-06-09,N5,46690.0
999,2013-06-09,N7,32889.0
1000,2013-06-10,N1,69310.0
1001,2013-06-10,N3,68682.0
1002,2013-06-10,N5,61346.0
1003,2013-06-10,N7,61346.0
1008,2013-06-11,N8,41120.0
1007,2013-06-11,N7,34109.0
1006,2013-06-11,N5,63205.333333333336
1005,2013-06-11,N3,81698.0
1004,2013-06-11,N1,81698.0
1009,2013-06-12,N10,70666.0
1010,2013-06-12,N5,39771.0
1011,2013-06-12,N7,39771.0
1012,2013-06-13,N1,61223.0
1013,2013-06-13,N10,61223.0
1014,2013-06-13,N5,44822.5
1015,2013-06-13,N7,59292.0
1016,2013-06-14,N5,28520.0
1017,2013-06-14,N7,31340.5
1018,2013-06-14,N9,28520.0
1019,2013-06-16,N10,81741.0
1020,2013-06-16,N5,36145.0
1021,2013-06-16,N7,36145.0
1023,2013-06-17,N5,47816.25
1022,2013-06-17,N10,62694.0
1024,2013-06-18,N1,41045.5
1025,2013-06-18,N7,50501.0
1026,2013-06-19,N1,72940.0
1027,2013-06-19,N3,41473.0
1028,2013-06-19,N4,22775.0
1029,2013-06-19,N7,22775.0
1030,2013-06-20,N1,56129.0
1031,2013-06-20,N2,50150.0
1032,2013-06-20,N4,50150.0
1033,2013-06-20,N7,49476.0
1034,2013-06-20,N9,56129.0
1035,2013-06-21,N5,42939.0
1036,2013-06-21,N7,42939.0
1037,2013-06-21,N8,34935.0
1040,2013-06-22,N7,38578.0
1039,2013-06-22,N2,51373.0
1038,2013-06-22,N1,38578.0
1041,2013-06-23,N1,44300.0
1042,2013-06-23,N2,70617.0
1043,2013-06-23,N4,26304.0
1044,2013-06-24,N1,31560.0
1045,2013-06-24,N5,57811.0
1046,2013-06-24,N7,60585.0
1047,2013-06-25,N1,64459.5
1048,2013-06-25,N5,57420.0
1049,2013-06-26,N10,60093.0
1050,2013-06-27,N1,33421.666666666664
1051,2013-06-27,N5,15862.0
1052,2013-06-27,N7,42201.5
1053,2013-06-27,N8,30560.0
1055,2013-06-28,N2,42160.0
1056,2013-06-28,N5,56253.333333333336
1054,2013-06-28,N1,65706.0
1057,2013-06-29,N1,38197.0
1058,2013-06-29,N3,38197.0
1059,2013-06-29,N7,76479.0
1060,2013-06-30,N10,42835.0
1061,2013-06-30,N4,26095.0
1062,2013-06-30,N5,22010.0
1063,2013-06-30,N7,22010.0
1064,2013-07-01,N1,38221.5
1065,2013-07-01,N4,52914.0
1066,2013-07-01,N5,23529.0
1067,2013-07-02,N1,7500.0
1068,2013-07-02,N5,35912.5
1072,2013-07-03,N9,35388.0
1071,2013-07-03,N5,66476.0
1069,2013-07-03,N1,39856.5
1070,2013-07-03,N4,37246.5
1073,2013-07-04,N5,40794.0
1074,2013-07-05,N1,93404.0
1075,2013-07-05,N3,7500.0
1076,2013-07-05,N5,45906.0
1077,2013-07-05,N7,45906.0
1078,2013-07-07,N1,43907.333333333336
1079,2013-07-07,N10,33762.0
1080,2013-07-07,N5,28440.0
1081,2013-07-07,N7,69520.0
1085,2013-07-08,N5,48957.75
1082,2013-07-08,N1,60886.5
1083,2013-07-08,N10,61825.0
1084,2013-07-08,N4,84169.0
1086,2013-07-08,N9,61825.0
1088,2013-07-09,N2,36742.0
1087,2013-07-09,N1,29298.0
1089,2013-07-09,N5,40413.5
1095,2013-07-11,N8,75114.0
1096,2013-07-11,N9,86979.0
1093,2013-07-11,N5,27646.0
1094,2013-07-11,N7,54690.0
1092,2013-07-11,N4,47025.0
1091,2013-07-11,N10,27255.0
1090,2013-07-11,N1,42529.0
1097,2013-07-12,N1,38780.333333333336
1098,2013-07-12,N10,42997.0
1099,2013-07-12,N4,7144.0
1100,2013-07-12,N5,42997.0
1101,2013-07-12,N7,67786.0
1102,2013-07-12,N9,65735.0
1103,2013-07-13,N1,34074.0
1104,2013-07-13,N3,34074.0
1105,2013-07-13,N5,26006.5
1106,2013-07-13,N6,28718.0
1110,2013-07-14,N9,35641.0
1109,2013-07-14,N7,55239.0
1107,2013-07-14,N1,43363.0
1108,2013-07-14,N5,61032.0
1111,2013-07-15,N1,57723.0
1112,2013-07-15,N3,70300.0
1113,2013-07-15,N4,45146.0
1117,2013-07-16,N7,30833.0
1114,2013-07-16,N1,30833.0
1115,2013-07-16,N3,67433.0
1116,2013-07-16,N4,36138.0
1118,2013-07-17,N2,40637.0
1119,2013-07-17,N8,61559.0
1120,2013-07-18,N1,33402.0
1121,2013-07-18,N10,45006.0
1122,2013-07-18,N4,46610.0
1123,2013-07-18,N5,46610.0
1128,2013-07-19,N9,72282.0
1127,2013-07-19,N4,81217.0
1126,2013-07-19,N3,81217.0
1125,2013-07-19,N10,16813.0
1124,2013-07-19,N1,32951.5
1129,2013-07-20,N1,56067.0
1130,2013-07-20,N6,56067.0
1131,2013-07-21,N1,39977.0
1132,2013-07-21,N3,70179.0
1133,2013-07-21,N5,42908.0
1134,2013-07-21,N9,39767.0
1135,2013-07-22,N2,59868.0
1136,2013-07-22,N4,25358.0
1137,2013-07-22,N5,42613.0
1138,2013-07-23,N1,42225.0
1139,2013-07-23,N3,56534.0
1140,2013-07-23,N7,47823.0
1141,2013-07-23,N9,36627.0
1144,2013-07-24,N7,45736.0
1143,2013-07-24,N5,45736.0
1142,2013-07-24,N4,50334.0
1145,2013-07-25,N1,41039.0
1146,2013-07-25,N3,59601.0
1147,2013-07-25,N4,65196.0
1148,2013-07-26,N1,45837.0
1149,2013-07-26,N10,45837.0
1150,2013-07-26,N5,61923.0
1151,2013-07-27,N1,87679.0
1152,2013-07-27,N10,87679.0
1153,2013-07-27,N4,82504.0
1154,2013-07-27,N5,82504.0
1155,2013-07-27,N9,54072.0
1156,2013-07-28,N1,36921.0
1157,2013-07-28,N5,36921.0
1162,2013-07-29,N7,40321.0
1161,2013-07-29,N5,65581.5
1160,2013-07-29,N4,71965.0
1159,2013-07-29,N3,59304.0
1158,2013-07-29,N1,65581.5
1163,2013-07-30,N1,50922.0
1164,2013-07-30,N2,5305.0
1165,2013-07-30,N3,40211.0
1166,2013-07-30,N5,34649.333333333336
1167,2013-07-30,N7,34728.0
1168,2013-07-31,N1,22804.0
1169,2013-07-31,N5,22804.0
1170,2013-08-01,N1,48617.0
1171,2013-08-01,N6,33581.0
1172,2013-08-01,N7,68581.5
1173,2013-08-01,N9,50898.0
1175,2013-08-02,N5,19656.0
1176,2013-08-02,N9,19656.0
1174,2013-08-02,N1,61416.0
1177,2013-08-03,N1,24206.0
1178,2013-08-03,N7,74881.0
1179,2013-08-04,N1,56320.0
1180,2013-08-04,N7,74854.0
1181,2013-08-04,N9,51210.5
1182,2013-08-05,N1,68897.6
1183,2013-08-05,N5,33454.0
1184,2013-08-06,N1,51063.5
1185,2013-08-06,N4,48150.0
1186,2013-08-06,N5,51595.0
1187,2013-08-06,N7,62079.666666666664
1190,2013-08-07,N5,35370.333333333336
1191,2013-08-07,N9,30093.0
1188,2013-08-07,N1,49967.0
1189,2013-08-07,N4,51141.0
1193,2013-08-08,N5,57247.0
1194,2013-08-08,N7,22063.0
1192,2013-08-08,N1,22063.0
1195,2013-08-10,N1,57546.5
1196,2013-08-10,N10,83829.0
1197,2013-08-10,N5,58560.5
1198,2013-08-10,N7,83829.0
1199,2013-08-10,N9,46681.0
1200,2013-08-11,N7,59247.0
1201,2013-08-12,N5,40737.0
1202,2013-08-12,N7,29604.0
1203,2013-08-13,N1,52845.0
1204,2013-08-13,N7,52845.0
1205,2013-08-14,N1,41551.0
1206,2013-08-14,N2,41551.0
1210,2013-08-15,N7,80763.0
1211,2013-08-15,N9,54730.0
1209,2013-08-15,N4,27190.0
1208,2013-08-15,N3,42373.0
1207,2013-08-15,N1,54680.666666666664
1212,2013-08-16,N3,54137.0
1213,2013-08-16,N5,59672.0
1214,2013-08-16,N7,42691.0
1215,2013-08-17,N1,33419.0
1216,2013-08-17,N10,64509.0
1217,2013-08-17,N3,40479.0
1218,2013-08-17,N5,53557.5
1219,2013-08-17,N8,66636.0
1220,2013-08-18,N1,46463.0
1221,2013-08-18,N7,46463.0
1222,2013-08-19,N1,26877.0
1223,2013-08-19,N3,92955.0
1224,2013-08-19,N7,57957.0
1225,2013-08-19,N9,26877.0
1231,2013-08-20,N7,33467.0
1230,2013-08-20,N6,24221.0
1229,2013-08-20,N5,45990.0
1227,2013-08-20,N10,76217.0
1226,2013-08-20,N1,31721.5
1228,2013-08-20,N4,57481.5
1232,2013-08-21,N2,65352.0
1233,2013-08-21,N4,55593.0
1234,2013-08-21,N5,46999.5
1235,2013-08-21,N7,71613.0
1236,2013-08-22,N3,44393.0
1237,2013-08-22,N5,25559.0
1238,2013-08-23,N1,51998.0
1239,2013-08-23,N5,71367.0
1240,2013-08-23,N7,71367.0
1241,2013-08-23,N8,13260.0
1242,2013-08-24,N4,74485.0
1244,2013-08-25,N5,61736.333333333336
1243,2013-08-25,N1,56477.0
1246,2013-08-26,N7,45143.0
1245,2013-08-26,N1,36438.0
1247,2013-08-27,N5,69969.0
1248,2013-08-27,N7,69969.0
1249,2013-08-28,N1,71819.0
1250,2013-08-28,N10,77520.0
1251,2013-08-28,N5,70085.5
1252,2013-08-28,N6,52332.0
1253,2013-08-28,N8,68352.0
1254,2013-08-28,N9,38547.0
1258,2013-08-29,N9,156924.0
1255,2013-08-29,N1,156924.0
1256,2013-08-29,N5,39468.5
1257,2013-08-29,N6,49389.0
1260,2013-08-30,N7,40760.0
1261,2013-08-30,N9,16269.0
1259,2013-08-30,N1,44512.0
1268,2013-08-31,N8,68148.0
1267,2013-08-31,N7,73059.0
1266,2013-08-31,N5,67560.0
1262,2013-08-31,N1,55999.0
1264,2013-08-31,N3,41109.333333333336
1263,2013-08-31,N10,73059.0
1265,2013-08-31,N4,62061.0
1269,2013-09-01,N1,41263.5
1270,2013-09-01,N4,7500.0
1271,2013-09-01,N5,75027.0
1272,2013-09-02,N3,63855.0
1273,2013-09-02,N5,47834.5
1274,2013-09-02,N6,31814.0
1275,2013-09-03,N5,32871.0
1276,2013-09-04,N1,41154.0
1277,2013-09-04,N5,41154.0
1280,2013-09-05,N8,84865.0
1279,2013-09-05,N7,29187.0
1278,2013-09-05,N5,55729.0
1281,2013-09-06,N5,24027.0
1282,2013-09-07,N10,57136.0
1283,2013-09-07,N5,61136.333333333336
1284,2013-09-07,N7,54603.0
1285,2013-09-08,N1,63967.0
1286,2013-09-08,N5,33955.0
1287,2013-09-08,N8,60554.0
1288,2013-09-08,N9,53312.0
1292,2013-09-09,N7,54785.5
1289,2013-09-09,N1,71424.5
1290,2013-09-09,N4,33039.0
1291,2013-09-09,N5,63302.333333333336
1293,2013-09-09,N9,62513.0
1294,2013-09-10,N4,92431.5
1295,2013-09-10,N7,42618.0
1296,2013-09-11,N5,75437.0
1297,2013-09-12,N2,22212.0
1298,2013-09-12,N3,75922.0
1299,2013-09-12,N5,62499.0
1300,2013-09-12,N7,38525.666666666664
1301,2013-09-13,N1,38593.0
1302,2013-09-13,N7,38593.0
1303,2013-09-14,N7,61794.0
1304,2013-09-15,N1,31173.5
1305,2013-09-15,N10,33697.0
1306,2013-09-15,N5,25293.0
1307,2013-09-15,N6,25293.0
1311,2013-09-16,N6,47472.0
1310,2013-09-16,N4,66313.0
1312,2013-09-16,N8,43269.0
1308,2013-09-16,N1,60838.5
1309,2013-09-16,N2,31160.0
1313,2013-09-17,N1,75903.5
1314,2013-09-17,N3,51948.0
1315,2013-09-17,N4,74808.5
1316,2013-09-17,N5,66380.0
1317,2013-09-17,N7,72906.0
1318,2013-09-17,N8,78901.0
1322,2013-09-18,N7,46423.0
1321,2013-09-18,N5,64809.0
1319,2013-09-18,N1,59551.0
1320,2013-09-18,N3,58928.5
1327,2013-09-19,N7,17459.0
1323,2013-09-19,N1,58512.0
1324,2013-09-19,N3,80067.0
1325,2013-09-19,N5,80067.0
1326,2013-09-19,N6,58512.0
1329,2013-09-20,N4,36262.0
1328,2013-09-20,N1,38086.333333333336
1330,2013-09-21,N1,36408.0
1331,2013-09-22,N1,55801.0
1332,2013-09-22,N10,51801.5
1333,2013-09-22,N5,44619.5
1334,2013-09-22,N7,26228.0
1335,2013-09-23,N4,64140.0
1336,2013-09-23,N5,51157.5
1337,2013-09-24,N4,34290.5
1338,2013-09-24,N5,19485.0
1339,2013-09-25,N1,37356.333333333336
1340,2013-09-25,N5,33585.0
1341,2013-09-25,N9,33585.0
1343,2013-09-26,N10,31535.0
1344,2013-09-26,N4,83532.0
1342,2013-09-26,N1,60086.0
1345,2013-09-27,N10,52521.0
1346,2013-09-27,N5,75876.5
1347,2013-09-27,N7,82657.0
1348,2013-09-28,N1,67047.33333333333
1349,2013-09-28,N5,56254.666666666664
1350,2013-09-28,N6,67472.0
1351,2013-09-28,N7,55091.0
1352,2013-09-28,N8,58582.0
1353,2013-09-30,N1,40304.0
1354,2013-09-30,N2,68274.0
1355,2013-09-30,N4,80144.0
1356,2013-09-30,N5,71571.0
1357,2013-09-30,N7,57592.666666666664
1362,2013-10-01,N8,35178.0
1361,2013-10-01,N7,51984.0
1363,2013-10-01,N9,67716.0
1359,2013-10-01,N3,35178.0
1358,2013-10-01,N1,53565.0
1360,2013-10-01,N5,56976.0
1366,2013-10-02,N5,26887.0
1367,2013-10-02,N7,16927.0
1364,2013-10-02,N1,42321.666666666664
1365,2013-10-02,N4,83151.0
1368,2013-10-03,N1,77632.0
1369,2013-10-03,N3,40825.0
1370,2013-10-03,N5,43287.333333333336
1371,2013-10-03,N6,61331.0
1372,2013-10-03,N7,77632.0
1373,2013-10-03,N9,54998.0
1375,2013-10-04,N10,72217.0
1376,2013-10-04,N8,34968.0
1374,2013-10-04,N1,43185.0
1377,2013-10-05,N1,31626.0
1378,2013-10-05,N5,35427.0
1379,2013-10-05,N6,15072.0
1380,2013-10-05,N7,37982.0
1383,2013-10-06,N8,61184.0
1381,2013-10-06,N1,58646.0
1382,2013-10-06,N5,61738.5
1385,2013-10-08,N5,25176.0
1384,2013-10-08,N1,25176.0
1386,2013-10-09,N1,73416.5
1387,2013-10-09,N5,72819.0
1388,2013-10-09,N7,62905.0
1389,2013-10-09,N8,50785.0
1390,2013-10-10,N5,25930.0
1391,2013-10-10,N7,31668.0
1392,2013-10-11,N1,82623.0
1393,2013-10-11,N5,59868.0
1394,2013-10-11,N7,59868.0
1395,2013-10-12,N10,24594.0
1396,2013-10-12,N6,24594.0
1397,2013-10-13,N1,77037.0
1398,2013-10-13,N5,53024.0
1399,2013-10-13,N8,65704.0
1402,2013-10-14,N7,40233.0
1400,2013-10-14,N1,63693.0
1401,2013-10-14,N5,55559.5
1403,2013-10-15,N1,51876.0
1404,2013-10-15,N5,36108.0
1405,2013-10-15,N7,51876.0
1406,2013-10-16,N5,34845.0
1407,2013-10-16,N6,26872.0
1408,2013-10-16,N7,39320.5
1409,2013-10-16,N8,43795.0
1410,2013-10-17,N10,73543.5
1411,2013-10-17,N4,23272.0
1412,2013-10-17,N5,23272.0
1413,2013-10-17,N7,36230.0
1415,2013-10-18,N2,68118.0
1414,2013-10-18,N1,68118.0
1416,2013-10-18,N4,
1418,2013-10-19,N5,42169.0
1417,2013-10-19,N1,34350.0
1419,2013-10-20,N1,48183.0
1420,2013-10-20,N10,47821.0
1421,2013-10-20,N5,48920.0
1422,2013-10-20,N9,49160.0
1423,2013-10-21,N2,42731.0
1424,2013-10-21,N4,35105.5
1425,2013-10-21,N5,38828.5
1426,2013-10-21,N6,55267.0
1427,2013-10-21,N7,22390.0
1428,2013-10-21,N9,70515.0
1430,2013-10-22,N5,21846.0
1431,2013-10-22,N8,55521.0
1429,2013-10-22,N1,64474.0
1432,2013-10-22,N9,21846.0
1434,2013-10-23,N5,59481.0
1433,2013-10-23,N1,49980.0
1435,2013-10-24,N1,34382.5
1436,2013-10-24,N10,38946.0
1437,2013-10-24,N5,35903.666666666664
1438,2013-10-24,N7,71796.0
1439,2013-10-25,N1,59946.666666666664
1440,2013-10-25,N3,49413.0
1441,2013-10-25,N4,75759.0
1442,2013-10-25,N5,58670.75
1443,2013-10-25,N6,36301.0
1444,2013-10-25,N7,78931.0
1445,2013-10-25,N8,34043.0
1446,2013-10-25,N9,70038.0
1447,2013-10-26,N6,53187.0
1450,2013-10-27,N4,77044.0
1451,2013-10-27,N5,28359.0
1448,2013-10-27,N1,52701.5
1449,2013-10-27,N10,29938.0
1452,2013-10-28,N1,24867.5
1453,2013-10-28,N10,22574.0
1454,2013-10-28,N4,71607.0
1455,2013-10-28,N5,51079.25
1456,2013-10-28,N7,31797.0
1460,2013-10-29,N7,51267.0
1459,2013-10-29,N5,18351.0
1457,2013-10-29,N1,62085.0
1458,2013-10-29,N4,18351.0
1461,2013-10-30,N1,43057.0
1462,2013-10-30,N5,70844.0
1463,2013-11-01,N1,64260.0
1464,2013-11-01,N10,64260.0
1465,2013-11-01,N3,40464.0
1466,2013-11-01,N5,78569.5
1467,2013-11-01,N7,79657.5
1471,2013-11-02,N5,25851.0
1470,2013-11-02,N4,32313.0
1468,2013-11-02,N1,24480.0
1469,2013-11-02,N10,53253.0
1472,2013-11-03,N1,49229.5
1473,2013-11-03,N3,30507.0
1474,2013-11-03,N4,72309.0
1475,2013-11-03,N8,57304.0
1476,2013-11-03,N9,26150.0
1477,2013-11-04,N1,51813.0
1478,2013-11-04,N5,47352.0
1479,2013-11-04,N7,48839.0
1480,2013-11-05,N1,56775.0
1481,2013-11-05,N10,44124.0
1482,2013-11-05,N3,62820.0
1483,2013-11-05,N5,44041.333333333336
1484,2013-11-05,N7,80995.0
1485,2013-11-05,N8,56778.5
1487,2013-11-06,N7,57906.0
1486,2013-11-06,N5,67680.0
1488,2013-11-07,N4,30753.0
1489,2013-11-07,N5,
1490,2013-11-07,N8,54456.0
1491,2013-11-08,N1,34986.666666666664
1492,2013-11-08,N7,37087.0
1493,2013-11-09,N1,50896.75
1494,2013-11-09,N2,65308.0
1495,2013-11-09,N4,54809.0
1496,2013-11-09,N5,40933.666666666664
1497,2013-11-09,N7,59973.0
1498,2013-11-10,N1,53761.0
1499,2013-11-10,N10,44635.0
1500,2013-11-10,N5,56962.0
1501,2013-11-10,N7,56962.0
1505,2013-11-12,N8,42243.0
1504,2013-11-12,N7,78093.0
1503,2013-11-12,N5,46885.8
1502,2013-11-12,N1,42243.0
1506,2013-11-13,N1,43482.0
1507,2013-11-13,N2,47353.0
1508,2013-11-13,N5,47353.0
1509,2013-11-13,N6,43482.0
1510,2013-11-13,N8,73892.0
1511,2013-11-14,N1,42545.0
1512,2013-11-14,N5,19986.0
1513,2013-11-14,N6,47189.0
1514,2013-11-14,N7,65104.0
1521,2013-11-15,N9,
1519,2013-11-15,N5,60150.0
1518,2013-11-15,N4,83790.0
1520,2013-11-15,N7,76045.0
1516,2013-11-15,N10,63033.0
1515,2013-11-15,N1,66144.0
1517,2013-11-15,N2,59354.0
1522,2013-11-17,N5,60415.0
1523,2013-11-17,N9,59052.0
1524,2013-11-18,N4,62551.0
1525,2013-11-18,N5,62551.0
1529,2013-11-19,N9,42162.0
1528,2013-11-19,N7,69084.0
1527,2013-11-19,N3,69084.0
1526,2013-11-19,N1,55623.0
1530,2013-11-20,N1,61917.0
1531,2013-11-20,N5,19073.5
1532,2013-11-20,N7,19789.0
1535,2013-11-21,N3,66375.0
1533,2013-11-21,N1,66375.0
1534,2013-11-21,N10,86429.0
1539,2013-11-22,N7,84618.0
1538,2013-11-22,N5,74882.66666666667
1537,2013-11-22,N10,55412.0
1536,2013-11-22,N1,84618.0
1540,2013-11-23,N1,47877.5
1541,2013-11-23,N10,61798.0
1542,2013-11-23,N3,
1543,2013-11-23,N5,60233.0
1544,2013-11-23,N6,91820.0
1545,2013-11-23,N7,46539.333333333336
1548,2013-11-25,N6,37971.0
1546,2013-11-25,N1,79858.66666666667
1547,2013-11-25,N10,75236.0
1549,2013-11-26,N3,72331.0
1550,2013-11-26,N7,58025.0
1551,2013-11-27,N1,77863.0
1552,2013-11-27,N7,55614.0
1553,2013-11-28,N5,72459.5
1556,2013-11-29,N7,29009.0
1555,2013-11-29,N5,36611.0
1554,2013-11-29,N1,42396.0
1557,2013-11-30,N1,43020.0
1558,2013-11-30,N5,43020.0
1559,2013-12-01,N1,58587.0
1560,2013-12-01,N2,16581.0
1561,2013-12-01,N3,58308.0
1562,2013-12-01,N4,26290.0
1563,2013-12-01,N5,36631.333333333336
1567,2013-12-02,N7,45733.5
1564,2013-12-02,N1,47003.666666666664
1565,2013-12-02,N4,53201.0
1566,2013-12-02,N5,47547.666666666664
1570,2013-12-03,N2,74918.0
1571,2013-12-03,N5,20559.0
1568,2013-12-03,N1,77870.66666666667
1569,2013-12-03,N10,29672.0
1573,2013-12-04,N7,59821.0
1572,2013-12-04,N1,59821.0
1574,2013-12-05,N1,83844.0
1575,2013-12-05,N4,79689.0
1576,2013-12-05,N5,83844.0
1577,2013-12-05,N7,83844.0
1578,2013-12-05,N8,83844.0
1579,2013-12-06,N1,66373.0
1580,2013-12-06,N7,68152.5
1581,2013-12-06,N8,66373.0
1582,2013-12-07,N1,46779.0
1583,2013-12-07,N4,30631.0
1584,2013-12-07,N5,36244.25
1585,2013-12-07,N7,33783.5
1586,2013-12-08,N9,74290.0
1592,2013-12-09,N9,54753.0
1591,2013-12-09,N8,63909.5
1590,2013-12-09,N7,47025.0
1588,2013-12-09,N2,60199.0
1587,2013-12-09,N1,60199.0
1589,2013-12-09,N4,72258.0
1593,2013-12-10,N1,45820.75
1594,2013-12-10,N3,42769.0
1595,2013-12-10,N5,42553.333333333336
1596,2013-12-10,N6,61284.0
1597,2013-12-10,N7,58821.0
1598,2013-12-11,N1,57744.0
1599,2013-12-11,N7,57744.0
1600,2013-12-11,N8,17649.0
1601,2013-12-12,N1,72124.0
1602,2013-12-12,N10,58494.0
1603,2013-12-12,N4,6560.0
1605,2013-12-13,N5,55282.0
1604,2013-12-13,N1,61872.0
1607,2013-12-14,N6,54801.0
1606,2013-12-14,N1,19329.0
1608,2013-12-15,N2,11448.0
1609,2013-12-15,N5,49572.0
1610,2013-12-15,N7,49572.0
1611,2013-12-16,N1,62563.0
1612,2013-12-16,N2,68092.0
1613,2013-12-16,N3,72968.0
1614,2013-12-17,N1,63913.333333333336
1615,2013-12-17,N4,67087.0
1616,2013-12-17,N5,54198.0
1617,2013-12-17,N7,49514.0
1618,2013-12-18,N8,51124.0
1619,2013-12-19,N4,65777.0
1620,2013-12-19,N6,92533.0
1622,2013-12-20,N5,56223.0
1623,2013-12-20,N7,9255.0
1621,2013-12-20,N10,63998.0
1624,2013-12-21,N1,23162.0
1625,2013-12-21,N3,67272.0
1626,2013-12-21,N5,23162.0
1627,2013-12-22,N1,55707.0
1628,2013-12-22,N3,55707.0
1631,2013-12-23,N3,34853.0
1629,2013-12-23,N1,90000.0
1630,2013-12-23,N10,22944.0
1632,2013-12-23,N4,77647.5
1633,2013-12-23,N5,22944.0
1634,2013-12-24,N1,75794.0
1635,2013-12-24,N4,28420.0
1636,2013-12-24,N5,62160.0
1637,2013-12-24,N7,48526.0
1638,2013-12-25,N7,60239.666666666664
1639,2013-12-25,N9,58330.0
1642,2013-12-26,N9,41335.0
1641,2013-12-26,N7,24417.5
1640,2013-12-26,N1,73113.0
1643,2013-12-27,N1,52510.0
1644,2013-12-27,N3,38361.0
1645,2013-12-27,N5,38361.0
1646,2013-12-27,N7,52510.0
1647,2013-12-28,N3,36975.0
1648,2013-12-28,N5,36975.0
1652,2013-12-29,N7,31353.0
1651,2013-12-29,N5,57012.333333333336
1649,2013-12-29,N1,31353.0
1650,2013-12-29,N4,36732.0
1653,2013-12-30,N1,38961.0
1654,2013-12-30,N5,56243.0
1655,2013-12-30,N9,74116.0
1658,2013-12-31,N7,83443.0
1656,2013-12-31,N1,59382.5
1657,2013-12-31,N10,67353.0
1660,2014-01-01,N7,54682.0
1659,2014-01-01,N1,54682.0
1661,2014-01-02,N4,37235.0
1662,2014-01-03,N1,45013.8
1663,2014-01-03,N3,80184.0
1664,2014-01-03,N4,39583.0
1665,2014-01-03,N5,65640.0
1666,2014-01-03,N7,50048.0
1667,2014-01-03,N8,157243.0
1668,2014-01-03,N9,46377.0
1669,2014-01-04,N1,51287.0
1670,2014-01-04,N2,29543.0
1671,2014-01-04,N5,40757.666666666664
1672,2014-01-04,N6,41443.0
1673,2014-01-05,N4,60791.0
1674,2014-01-05,N5,38054.0
1675,2014-01-13,N5,81205.0
1676,2014-01-14,N2,70899.5
1677,2014-01-15,N1,62466.0
1678,2014-01-15,N10,62466.0
1679,2014-01-15,N5,39546.0
1680,2014-01-15,N6,16626.0
1681,2014-01-15,N7,92344.0
1682,2014-01-17,N1,33855.0
1683,2014-01-17,N10,65333.0
1684,2014-01-17,N7,60934.0
1685,2014-01-18,N5,25707.0
1686,2014-01-18,N7,25707.0
1687,2014-01-18,N8,28751.0
1688,2014-01-19,N1,44155.0
1689,2014-01-19,N10,58293.0
1690,2014-01-19,N5,70932.0
1695,2014-01-21,N8,54178.0
1694,2014-01-21,N5,34725.0
1693,2014-01-21,N4,72905.0
1692,2014-01-21,N10,69805.0
1691,2014-01-21,N1,48195.0
1696,2014-01-22,N1,40245.5
1697,2014-01-22,N2,50014.0
1698,2014-01-22,N3,34176.0
1699,2014-01-22,N5,63885.0
1700,2014-01-22,N9,81657.0
1701,2014-01-23,N1,35788.0
1702,2014-01-23,N4,60185.5
1703,2014-01-23,N5,85738.0
1704,2014-01-23,N6,78331.0
1705,2014-01-23,N9,33228.0
1706,2014-01-24,N1,61129.666666666664
1707,2014-01-24,N5,90765.0
1712,2014-01-25,N7,75012.0
1711,2014-01-25,N5,56981.0
1710,2014-01-25,N4,52687.0
1709,2014-01-25,N3,82224.0
1708,2014-01-25,N1,82224.0
1713,2014-01-26,N1,30569.75
1714,2014-01-26,N5,32808.333333333336
1715,2014-01-26,N6,65492.0
1716,2014-01-26,N7,48739.0
1717,2014-01-26,N9,19514.0
1721,2014-01-27,N9,69139.0
1720,2014-01-27,N3,30630.0
1719,2014-01-27,N2,38443.0
1718,2014-01-27,N1,49884.5
1722,2014-01-28,N1,24639.0
1723,2014-01-28,N4,27830.5
1724,2014-01-28,N5,44516.5
1725,2014-01-29,N1,63564.0
1726,2014-01-29,N10,63564.0
1730,2014-01-30,N9,26262.0
1729,2014-01-30,N7,53537.0
1727,2014-01-30,N1,19346.0
1728,2014-01-30,N4,65463.0
1731,2014-01-31,N1,65695.0
1732,2014-01-31,N5,65695.0
1733,2014-02-01,N1,68921.5
1734,2014-02-01,N6,64813.0
1735,2014-02-02,N1,58641.75
1736,2014-02-02,N5,54613.5
1737,2014-02-02,N7,84219.0
1738,2014-02-02,N8,30015.0
1739,2014-02-03,N4,
1740,2014-02-03,N5,
1741,2014-02-03,N7,43939.0
1742,2014-02-04,N1,82571.0
1747,2014-02-05,N7,73548.0
1746,2014-02-05,N6,75507.0
1744,2014-02-05,N2,75507.0
1743,2014-02-05,N1,67196.33333333333
1745,2014-02-05,N5,67101.0
1748,2014-02-06,N1,58365.0
1749,2014-02-06,N4,36927.0
1750,2014-02-06,N5,79803.0
1754,2014-02-13,N7,60900.5
1751,2014-02-13,N1,31163.0
1752,2014-02-13,N4,90638.0
1753,2014-02-13,N5,31163.0
1755,2014-02-14,N2,80134.0
1756,2014-02-15,N10,44602.0
1757,2014-02-15,N4,76982.0
1758,2014-02-15,N5,42114.666666666664
1759,2014-02-15,N7,17144.0
1761,2014-02-16,N10,40451.0
1764,2014-02-16,N7,54132.0
1763,2014-02-16,N5,37385.5
1760,2014-02-16,N1,56034.5
1762,2014-02-16,N2,57937.0
1765,2014-02-17,N1,63351.0
1766,2014-02-17,N4,62307.0
1767,2014-02-17,N8,98777.0
1768,2014-02-17,N9,14421.0
1769,2014-02-18,N4,64449.0
1770,2014-02-18,N5,43579.666666666664
1771,2014-02-18,N8,23148.0
1772,2014-02-19,N1,78348.5
1773,2014-02-19,N6,78569.0
1774,2014-02-22,N1,19444.0
1775,2014-02-23,N4,42040.0
1780,2014-02-24,N7,74004.0
1778,2014-02-24,N4,39722.0
1779,2014-02-24,N5,51223.0
1777,2014-02-24,N2,33183.0
1776,2014-02-24,N1,30499.5
1781,2014-02-25,N1,81361.0
1782,2014-02-25,N4,53726.0
1783,2014-02-25,N5,37262.5
1784,2014-02-26,N5,29891.0
1785,2014-02-26,N8,22448.0
1786,2014-02-27,N1,38876.5
1787,2014-02-27,N2,45894.0
1788,2014-02-27,N5,31859.0
1789,2014-02-28,N5,50382.5
1790,2014-02-28,N7,77226.0
1791,2014-03-01,N1,35704.0
1792,2014-03-01,N7,90300.0
1793,2014-03-01,N9,33181.0
1794,2014-03-02,N5,83715.0
1795,2014-03-03,N2,55954.0
1796,2014-03-03,N4,60565.5
1797,2014-03-04,N1,39453.0
1798,2014-03-04,N3,94472.0
1799,2014-03-04,N5,54197.0
1800,2014-03-05,N4,76842.0
1801,2014-03-05,N5,43776.0
1802,2014-03-06,N1,70545.0
1803,2014-03-06,N5,61671.0
1804,2014-03-06,N7,70545.0
1805,2014-03-13,N1,5648.0
1806,2014-03-16,N10,36026.0
1807,2014-03-16,N4,25224.0
1808,2014-03-16,N5,30625.0
1814,2014-03-17,N8,66294.0
1813,2014-03-17,N7,89120.0
1812,2014-03-17,N5,48112.0
1811,2014-03-17,N4,33252.0
1810,2014-03-17,N3,71691.0
1809,2014-03-17,N1,41472.0
1819,2014-03-18,N7,60318.0
1818,2014-03-18,N5,47948.5
1820,2014-03-18,N8,73395.0
1816,2014-03-18,N2,53233.0
1815,2014-03-18,N1,73395.0
1817,2014-03-18,N3,43050.0
1821,2014-03-19,N2,39356.0
1822,2014-03-19,N5,47121.0
1823,2014-03-20,N1,31788.0
1824,2014-03-20,N3,48186.0
1825,2014-03-20,N7,53204.0
1826,2014-03-20,N8,63206.0
1830,2014-03-21,N7,85683.0
1829,2014-03-21,N3,55012.0
1827,2014-03-21,N1,56628.0
1828,2014-03-21,N2,56628.0
1831,2014-03-22,N3,62187.0
1832,2014-03-23,N1,44607.28571428572
1833,2014-03-23,N2,42394.0
1834,2014-03-23,N3,35924.0
1835,2014-03-23,N5,45546.0
1836,2014-03-23,N7,45580.0
1837,2014-03-24,N1,30023.0
1838,2014-03-24,N10,20427.0
1839,2014-03-24,N5,41275.0
1840,2014-03-24,N7,52854.0
1842,2014-03-25,N5,34397.0
1841,2014-03-25,N2,42231.0
1843,2014-03-25,N6,29732.0
1845,2014-03-26,N7,34824.0
1844,2014-03-26,N5,34824.0
1846,2014-03-27,N3,22123.0
1847,2014-03-28,N1,31928.0
1848,2014-03-29,N1,39181.0
1849,2014-03-29,N5,52843.0
1850,2014-03-29,N7,62859.0
1851,2014-03-29,N9,65685.0
1857,2014-03-30,N6,37126.0
1855,2014-03-30,N4,37297.5
1856,2014-03-30,N5,32455.75
1853,2014-03-30,N10,38741.0
1852,2014-03-30,N1,37240.333333333336
1854,2014-03-30,N2,22263.0
1858,2014-03-31,N1,85910.33333333333
1859,2014-03-31,N10,39548.0
1860,2014-03-31,N3,46854.0
1861,2014-03-31,N5,79823.0
1862,2014-03-31,N8,75865.0
1866,2014-04-01,N5,47889.0
1865,2014-04-01,N3,47889.0
1864,2014-04-01,N10,61278.0
1863,2014-04-01,N1,61278.0
1867,2014-04-02,N1,61905.0
1868,2014-04-02,N4,61905.0
1869,2014-04-03,N1,67023.0
1870,2014-04-03,N5,50785.0
1871,2014-04-03,N7,50785.0
1872,2014-04-04,N4,47234.5
1873,2014-04-04,N5,42395.0
1874,2014-04-05,N1,52996.666666666664
1875,2014-04-05,N10,74293.0
1876,2014-04-05,N3,10404.0
1877,2014-04-05,N5,54381.0
1878,2014-04-06,N10,23536.0
1883,2014-04-13,N7,52065.5
1882,2014-04-13,N4,50616.0
1880,2014-04-13,N2,46015.0
1879,2014-04-13,N1,39747.0
1881,2014-04-13,N3,22148.0
1884,2014-04-14,N3,77622.0
1885,2014-04-14,N5,36283.0
1886,2014-04-14,N8,36283.0
1887,2014-04-15,N3,75315.0
1890,2014-04-16,N7,35246.0
1888,2014-04-16,N10,40388.0
1889,2014-04-16,N4,15033.0
1891,2014-04-17,N1,51605.666666666664
1892,2014-04-18,N1,30660.0
1893,2014-04-18,N10,44406.0
1894,2014-04-18,N5,21751.5
1896,2014-04-19,N5,49638.0
1895,2014-04-19,N1,59412.0
1901,2014-04-20,N8,92556.0
1900,2014-04-20,N7,66000.0
1897,2014-04-20,N3,35876.0
1898,2014-04-20,N5,35876.0
1899,2014-04-20,N6,58401.0
1902,2014-04-21,N1,33456.0
1903,2014-04-21,N10,50447.0
1904,2014-04-21,N4,38389.0
1905,2014-04-21,N5,46884.5
1906,2014-04-21,N8,37716.0
1908,2014-04-22,N7,35684.0
1907,2014-04-22,N1,35684.0
1911,2014-04-23,N4,42523.0
1912,2014-04-23,N5,42523.0
1909,2014-04-23,N1,43591.333333333336
1910,2014-04-23,N3,61180.0
1913,2014-04-23,N7,45903.0
1918,2014-04-24,N9,92910.0
1917,2014-04-24,N7,63038.5
1915,2014-04-24,N2,59354.0
1916,2014-04-24,N5,70778.8
1914,2014-04-24,N1,59354.0
1919,2014-04-25,N1,72570.0
1920,2014-04-25,N5,36663.0
1921,2014-04-26,N4,39190.0
1922,2014-04-26,N5,39190.0
1923,2014-04-27,N5,79529.0
1924,2014-04-27,N7,79529.0
1925,2014-04-28,N1,71866.5
1926,2014-04-28,N10,90369.0
1927,2014-04-28,N5,54756.0
1928,2014-04-28,N7,62159.0
1932,2014-04-29,N7,49525.5
1931,2014-04-29,N5,57025.333333333336
1929,2014-04-29,N10,72025.0
1930,2014-04-29,N4,90247.0
1933,2014-04-30,N1,30396.0
1934,2014-04-30,N4,28332.0
1935,2014-04-30,N5,44360.666666666664
1936,2014-04-30,N8,77882.0
1937,2014-05-01,N7,48877.0
1938,2014-05-01,N9,23228.0
1939,2014-05-02,N1,77027.0
1940,2014-05-02,N4,77027.0
1941,2014-05-02,N7,33235.0
1942,2014-05-02,N8,88325.0
1943,2014-05-03,N5,73475.0
1944,2014-05-03,N7,77457.0
1950,2014-05-04,N9,71035.5
1949,2014-05-04,N8,82032.0
1948,2014-05-04,N5,31761.0
1947,2014-05-04,N4,75433.0
1946,2014-05-04,N2,86424.0
1945,2014-05-04,N1,70993.5
1951,2014-05-05,N7,46390.0
1952,2014-05-06,N1,26314.0
1953,2014-05-06,N10,31686.0
1954,2014-05-06,N5,28764.0
1956,2014-05-13,N8,76140.0
1955,2014-05-13,N1,71022.66666666667
1957,2014-05-15,N1,29791.0
1958,2014-05-15,N9,29791.0
1959,2014-05-16,N2,77845.0
1960,2014-05-16,N5,49006.333333333336
1961,2014-05-17,N1,55969.333333333336
1962,2014-05-17,N4,60182.0
1966,2014-05-18,N7,24434.0
1964,2014-05-18,N5,42381.5
1963,2014-05-18,N1,47287.666666666664
1965,2014-05-18,N6,20518.0
1967,2014-05-19,N1,35860.0
1968,2014-05-19,N3,35860.0
1969,2014-05-19,N5,35860.0
1970,2014-05-19,N6,30298.0
1971,2014-05-19,N7,35860.0
1977,2014-05-22,N7,20537.5
1972,2014-05-22,N1,55086.5
1973,2014-05-22,N10,10979.0
1974,2014-05-22,N4,67911.0
1975,2014-05-22,N5,52611.5
1976,2014-05-22,N6,39996.0
1978,2014-05-22,N9,56596.333333333336
1983,2014-05-23,N7,71370.0
1982,2014-05-23,N5,28920.5
1981,2014-05-23,N4,76081.0
1980,2014-05-23,N3,18988.0
1979,2014-05-23,N1,77909.0
1984,2014-05-24,N1,44366.0
1985,2014-05-24,N10,76624.0
1986,2014-05-24,N2,49669.0
1987,2014-05-24,N3,54984.0
1988,2014-05-24,N5,76624.0
1989,2014-05-25,N1,32892.0
1990,2014-05-25,N10,41596.0
1991,2014-05-26,N1,55094.666666666664
1992,2014-05-26,N3,69719.0
1993,2014-05-26,N5,47782.5
1994,2014-05-27,N1,
1997,2014-05-28,N7,79655.0
1996,2014-05-28,N10,23091.0
1995,2014-05-28,N1,47982.0
1998,2014-05-29,N1,49078.0
1999,2014-05-29,N10,50127.0
2000,2014-05-29,N5,50646.25
2001,2014-05-29,N7,41819.0
2002,2014-05-29,N9,85844.0
2003,2014-05-30,N5,65808.0
2004,2014-05-30,N7,65808.0
2005,2014-05-31,N5,69825.0
2006,2014-05-31,N6,73170.0
2007,2014-06-01,N1,62450.0
2008,2014-06-02,N7,74795.0
2009,2014-06-03,N5,47139.0
2010,2014-06-03,N7,50464.5
2013,2014-06-04,N5,29315.0
2014,2014-06-04,N6,38829.0
2011,2014-06-04,N1,29315.0
2012,2014-06-04,N4,58692.0
2015,2014-06-05,N1,37401.0
2016,2014-06-05,N5,37401.0
2017,2014-06-06,N1,63404.0
2018,2014-06-06,N3,63404.0
2019,2014-06-13,N10,65488.0
2020,2014-06-13,N5,65488.0
2021,2014-06-14,N1,69283.0
2022,2014-06-15,N1,32583.0
2023,2014-06-15,N10,57091.0
2024,2014-06-15,N4,28249.0
2025,2014-06-15,N5,28249.0
2026,2014-06-15,N7,30416.0
2030,2014-06-16,N5,60107.0
2029,2014-06-16,N4,58684.0
2027,2014-06-16,N1,44322.0
2028,2014-06-16,N10,84835.0
2031,2014-06-17,N1,63935.5
2032,2014-06-17,N5,44259.0
2033,2014-06-18,N10,57954.0
2034,2014-06-18,N5,51450.0
2035,2014-06-18,N7,79865.0
2036,2014-06-18,N9,16531.0
2041,2014-06-19,N7,50870.0
2040,2014-06-19,N5,34961.0
2037,2014-06-19,N1,50870.0
2038,2014-06-19,N10,44078.0
2039,2014-06-19,N4,51111.0
2042,2014-06-20,N1,83891.0
2043,2014-06-20,N4,50116.0
2044,2014-06-20,N5,67003.5
2045,2014-06-21,N1,67545.0
2046,2014-06-21,N3,49605.0
2052,2014-06-22,N7,31878.0
2051,2014-06-22,N6,76320.0
2050,2014-06-22,N5,76320.0
2049,2014-06-22,N4,4861.0
2048,2014-06-22,N10,79419.0
2047,2014-06-22,N1,72003.0
2053,2014-06-23,N1,4023.0
2054,2014-06-23,N5,72066.0
2055,2014-06-24,N1,35924.5
2056,2014-06-24,N5,38285.0
2057,2014-06-24,N7,33564.0
2061,2014-06-25,N5,57060.0
2060,2014-06-25,N4,50183.0
2058,2014-06-25,N1,47011.0
2059,2014-06-25,N10,68695.0
2065,2014-06-26,N7,37085.0
2062,2014-06-26,N1,69680.66666666667
2063,2014-06-26,N10,80124.0
2064,2014-06-26,N5,48794.0
2067,2014-06-27,N5,44282.0
2066,2014-06-27,N10,78416.0
2068,2014-06-28,N1,79734.0
2069,2014-06-28,N2,70421.0
2070,2014-06-28,N5,70421.0
2071,2014-06-28,N9,79941.0
2072,2014-06-29,N10,35340.0
2073,2014-06-29,N5,69142.0
2074,2014-07-01,N1,61353.666666666664
2075,2014-07-01,N4,85620.0
2076,2014-07-01,N6,21059.0
2077,2014-07-02,N1,26759.0
2078,2014-07-02,N3,29428.666666666668
2079,2014-07-02,N5,45299.333333333336
2080,2014-07-02,N7,107214.0
2081,2014-07-02,N9,51205.0
2084,2014-07-03,N7,65747.0
2083,2014-07-03,N4,27244.0
2082,2014-07-03,N1,65747.0
2085,2014-07-04,N1,60945.333333333336
2086,2014-07-04,N4,62568.0
2087,2014-07-04,N5,66746.0
2088,2014-07-04,N7,70924.0
2092,2014-07-05,N7,56551.0
2089,2014-07-05,N1,59041.0
2090,2014-07-05,N10,56551.0
2091,2014-07-05,N5,66882.5
2093,2014-07-06,N1,82582.0
2094,2014-07-06,N10,42693.0
2095,2014-07-06,N5,52157.0
2096,2014-07-06,N6,82582.0
2097,2014-08-02,N5,41145.0
2102,2014-08-03,N6,35544.0
2103,2014-08-03,N7,46344.0
2101,2014-08-03,N5,51815.666666666664
2098,2014-08-03,N1,56172.0
2099,2014-08-03,N2,32303.0
2100,2014-08-03,N4,24683.0
2104,2014-08-04,N5,79632.0
2105,2014-08-04,N7,21474.0
2109,2014-08-05,N5,24531.0
2106,2014-08-05,N1,52190.0
2107,2014-08-05,N10,87195.0
2108,2014-08-05,N3,26954.0
2110,2014-08-05,N7,22108.0
2112,2014-08-06,N4,49571.0
2111,2014-08-06,N3,44794.0
2113,2014-08-06,N7,50353.0
2115,2014-09-01,N5,57642.0
2114,2014-09-01,N1,57642.0
2120,2014-09-02,N9,47025.0
2119,2014-09-02,N8,41986.0
2116,2014-09-02,N1,48226.0
2117,2014-09-02,N5,47025.0
2118,2014-09-02,N7,54466.0
2121,2014-09-03,N1,60432.0
2122,2014-09-03,N5,71163.0
2123,2014-09-03,N7,60432.0
2124,2014-09-04,N1,81770.0
2125,2014-09-05,N4,41644.0
2126,2014-09-06,N1,62674.5
2127,2014-09-06,N5,65248.5
2128,2014-09-06,N7,48006.0
2129,2014-10-01,N1,51621.666666666664
2130,2014-10-01,N3,43602.0
2131,2014-10-01,N4,65487.0
2132,2014-10-01,N5,65487.0
2134,2014-10-02,N10,26646.0
2135,2014-10-02,N7,77583.0
2133,2014-10-02,N1,45630.71428571428
2136,2014-10-03,N1,66484.0
2137,2014-10-03,N4,72298.0
2138,2014-10-03,N5,45921.0
2139,2014-10-03,N7,65210.0
2140,2014-10-04,N6,36781.0
2143,2014-10-05,N4,38725.0
2141,2014-10-05,N1,16248.0
2142,2014-10-05,N3,77376.0
2144,2014-10-05,N5,52649.0
2145,2014-10-05,N7,16248.0
2146,2014-10-06,N1,46094.0
2147,2014-10-06,N4,64014.0
2148,2014-10-06,N8,46094.0
2149,2014-10-06,N9,64014.0
2154,2014-11-01,N6,59060.0
2153,2014-11-01,N5,61514.5
2150,2014-11-01,N1,65324.0
2151,2014-11-01,N2,49187.0
2152,2014-11-01,N4,61514.5
2155,2014-11-02,N10,56725.5
2156,2014-11-02,N4,42429.0
2157,2014-11-03,N1,51766.0
2158,2014-11-03,N4,51766.0
2159,2014-11-03,N9,28839.0
2160,2014-11-04,N10,65526.0
2161,2014-11-04,N4,34578.0
2162,2014-11-04,N5,47628.0
2163,2014-11-04,N7,65526.0
2168,2014-11-05,N7,46106.0
2166,2014-11-05,N5,39620.666666666664
2167,2014-11-05,N6,20934.5
2164,2014-11-05,N1,38396.8
2165,2014-11-05,N4,39620.666666666664
2169,2014-11-06,N5,21675.0
2170,2014-11-06,N8,21675.0
2171,2014-12-01,N1,66726.0
2172,2014-12-01,N5,
2173,2014-12-01,N8,66726.0
2174,2014-12-02,N1,61614.5
2175,2014-12-02,N5,93790.0
2176,2014-12-03,N1,82427.0
2177,2014-12-03,N10,71427.0
2178,2014-12-03,N5,48830.0
2180,2014-12-04,N4,48918.0
2179,2014-12-04,N1,48918.0
2181,2014-12-04,N5,48918.0
2185,2014-12-05,N5,54270.857142857145
2184,2014-12-05,N4,79593.0
2186,2014-12-05,N7,66533.5
2182,2014-12-05,N1,54124.6
2183,2014-12-05,N3,79593.0
2187,2014-12-05,N9,65486.0
2188,2014-12-06,N1,33279.0
2189,2014-12-06,N5,33279.0
